2008,Jacob,22594,Isabella,18616,Michael,20626,Emily,17434,Ethan,20216,Olivia,17081,Joshua,19205,Ava,17039,Daniel,19005,Madison,17032,Alexander,18697,Sophia,16084,Anthony,18397,Abigail,15082,William,18391,Elizabeth,12008,Christopher,17947,Chloe,11824,Matthew,17580,Samantha,11182,Jayden,17151,Addison,10761,Andrew,16760,Natalie,10201,Joseph,16575,Mia,10169,David,16324,Alexis,9726,Noah,15787,Alyssa,9643,Aiden,15579,Hannah,9563,James,15178,Ashley,9403,Ryan,14681,Ella,9352,Logan,13853,Sarah,9045,John,13315,Grace,9036,Nathan,13254,Taylor,8335,Elijah,13228,Brianna,8259,Christian,13058,Lily,8118,Gabriel,13032,Hailey,7867,Benjamin,12949,Anna,7266,Jonathan,12886,Victoria,7119,Samuel,12754,Kayla,6834,Tyler,12700,Lillian,6810,Nicholas,12524,Lauren,6450,Gavin,11744,Kaylee,6293,Dylan,11700,Allison,6239,Jackson,11636,Savannah,6124,Brandon,11472,Nevaeh,6105,Caleb,10569,Gabriella,6028,Mason,10483,Sofia,5983,Angel,10352,Makayla,5950,Isaac,10019,Avery,5829,Evan,9924,Riley,5768,Jack,9895,Leah,5628,Jose,9820,Julia,5616,Kevin,9796,Aubrey,5565,Isaiah,9660,Jasmine,5526,Luke,9418,Audrey,5440,Justin,9357,Katherine,5346,Landon,9353,Morgan,5334,Lucas,9323,Brooklyn,5311,Zachary,9230,Destiny,5308,Jordan,9089,Sydney,5260,Robert,8831,Alexa,5225,Aaron,8541,Kylie,5194,Brayden,8436,Brooke,5183,Thomas,8357,Kaitlyn,5116,Cameron,8295,Evelyn,5099,Hunter,8036,Layla,4930,Austin,7986,Madeline,4817,Adrian,7930,Kimberly,4811,Connor,7813,Zoe,4781,Owen,7796,Jessica,4736,Aidan,7699,Peyton,4732,Jason,7656,Alexandra,4610,Julian,7462,Claire,4598,Wyatt,7308,Maria,4585,Charles,7284,Madelyn,4564,Luis,7133,Mackenzie,4472,Carter,7063,Arianna,4421,Juan,7029,Jocelyn,4370,Chase,7000,Amelia,4348,Jeremiah,6583,Angelina,4297,Diego,6571,Trinity,4273,Brody,6298,Maya,4267,Xavier,6281,Andrea,4259,Adam,6093,Valeria,4205,Carlos,6047,Rachel,4078,Sebastian,6034,Sophie,4063,Liam,5979,Aaliyah,4040,Hayden,5944,Mariah,4034,Nathaniel,5851,Vanessa,4031,Henry,5778,Gabrielle,4024,Jesus,5756,Katelyn,3975,Ian,5722,Ariana,3911,Tristan,5657,Bailey,3902,Bryan,5505,Camila,3847,Sean,5466,Jennifer,3792,Alex,5396,Melanie,3713,Cole,5389,Charlotte,3670,Eric,5377,Gianna,3666,Brian,5257,Autumn,3662,Jaden,5187,Paige,3643,Carson,5126,Faith,3628,Blake,5095,Payton,3608,Ayden,5056,Sara,3590,Cooper,5048,Isabelle,3569,Dominic,4958,Caroline,3542,Brady,4814,Genesis,3521,Josiah,4774,Mary,3499,Caden,4770,Isabel,3487,Kyle,4702,Zoey,3448,Colton,4546,Gracie,3424,Eli,4515,Megan,3412,Kaden,4501,Haley,3338
2009,Jacob,21175,Emma,17895,Ethan,19847,Olivia,17435,Michael,18940,Sophia,16944,Alexander,18234,Ava,15873,William,17918,Emily,15352,Joshua,17650,Madison,15239,Daniel,17542,Abigail,14390,Jayden,17288,Chloe,11909,Noah,17247,Mia,11426,Christopher,16355,Elizabeth,11035,Anthony,16307,Addison,10660,Aiden,16020,Alexis,9934,Matthew,15986,Samantha,9660,David,15440,Ella,9654,Joseph,14920,Natalie,9409,Andrew,14862,Grace,8314,Logan,14459,Lily,8098,James,14208,Alyssa,7966,Benjamin,13115,Ashley,7813,Ryan,13107,Sarah,7780,Elijah,12828,Taylor,7583,Gabriel,12827,Hannah,7572,Christian,12642,Brianna,7352,Samuel,12152,Hailey,7317,Nathan,12121,Kaylee,7213,Jackson,12119,Lillian,6857,John,12118,Anna,6804,Tyler,11542,Leah,6789,Jonathan,11373,Allison,6581,Dylan,11364,Victoria,6361,Caleb,10992,Avery,6298,Nicholas,10850,Gabriella,6145,Gavin,10737,Nevaeh,6107,Mason,10685,Kayla,5840,Evan,10277,Sofia,5694,Landon,10163,Brooklyn,5664,Angel,9849,Riley,5635,Brandon,9841,Savannah,5596,Lucas,9612,Evelyn,5583,Isaac,9553,Aubrey,5406,Isaiah,9240,Peyton,5313,Jack,9023,Alexa,5308,Jose,8811,Makayla,5264,Kevin,8772,Layla,5206,Jordan,8652,Lauren,5199,Justin,8624,Zoe,5146,Luke,8618,Sydney,5058,Brayden,8596,Audrey,5007,Liam,8564,Julia,4993,Carter,8167,Jasmine,4878,Owen,8139,Arianna,4836,Connor,8098,Claire,4824,Zachary,8080,Brooke,4797,Aaron,7971,Amelia,4699,Robert,7831,Morgan,4610,Hunter,7741,Destiny,4607,Thomas,7722,Bella,4534,Adrian,7632,Madelyn,4496,Cameron,7632,Katherine,4428,Wyatt,7403,Maya,4391,Chase,7387,Kylie,4385,Julian,7382,Aaliyah,4370,Austin,7283,Madeline,4300,Charles,7283,Sophie,4264,Jeremiah,7226,Kimberly,4223,Jason,6919,Kaitlyn,4202,Juan,6282,Charlotte,4188,Xavier,6209,Alexandra,4162,Luis,6138,Maria,4136,Sebastian,5989,Jocelyn,4113,Henry,5895,Valeria,4090,Aidan,5808,Andrea,4060,Ian,5804,Trinity,4022,Adam,5672,Zoey,3994,Nathaniel,5425,Gianna,3937,Diego,5414,Mackenzie,3901,Brody,5389,Jessica,3798,Jesus,5384,Faith,3760,Carlos,5376,Camila,3733,Tristan,5348,Autumn,3710,Dominic,5326,Ariana,3693,Cole,5275,Genesis,3668,Alex,5169,Payton,3644,Cooper,5072,Bailey,3638,Levi,5016,Angelina,3634,Josiah,5010,Caroline,3624,Carson,4997,Mariah,3597,Ayden,4994,Rachel,3584,Blake,4949,Katelyn,3571,Eli,4910,Vanessa,3518,Hayden,4865,Molly,3507,Bryan,4854,Melanie,3485,Colton,4768,Serenity,3478,Brian,4653,Khloe,3455,Eric,4640,Gabrielle,3420,Parker,4624,Paige,3410,Sean,4337,Mya,3409,Oliver,4286,Eva,3393,Kyle,4174,Isabelle,3306,Miguel,4169,Lucy,3178
2010,Jacob,22127,Sophia,20643,Ethan,18002,Emma,17345,Michael,17350,Olivia,17028,Jayden,17179,Ava,15433,William,17051,Emily,14274,Alexander,16756,Abigail,14247,Noah,16451,Madison,13183,Daniel,15843,Chloe,11754,Aiden,15538,Mia,10639,Anthony,15493,Addison,10325,Joshua,15442,Elizabeth,10262,Mason,14845,Ella,9876,Christopher,14279,Natalie,8777,Andrew,14248,Samantha,8408,David,14199,Alexis,8265,Matthew,14134,Lily,7986,Logan,14022,Grace,7683,Elijah,13900,Hailey,7019,James,13883,Alyssa,6991,Joseph,13830,Hannah,6988,Gabriel,12877,Lillian,6951,Benjamin,12431,Avery,6674,Ryan,11969,Leah,6537,Samuel,11963,Nevaeh,6425,Jackson,11818,Anna,6329,John,11556,Sarah,6328,Nathan,11373,Sofia,6327,Jonathan,11126,Ashley,6314,Christian,11097,Brianna,6277,Liam,10927,Zoe,6269,Dylan,10512,Victoria,6227,Caleb,10473,Gabriella,6178,Landon,10473,Brooklyn,6122,Tyler,10447,Kaylee,6098,Lucas,10377,Taylor,5896,Evan,9730,Layla,5891,Nicholas,9641,Allison,5864,Gavin,9618,Evelyn,5840,Isaac,9357,Riley,5538,Brayden,9111,Amelia,5455,Luke,8842,Khloe,5405,Angel,8770,Makayla,5394,Isaiah,8577,Savannah,5373,Brandon,8545,Aubrey,5360,Jack,8518,Charlotte,5357,Jordan,8237,Zoey,5208,Owen,8175,Bella,5123,Carter,8156,Kayla,5055,Connor,8050,Alexa,5040,Justin,7846,Peyton,4968,Jeremiah,7732,Audrey,4951,Jose,7699,Claire,4915,Julian,7580,Arianna,4844,Robert,7555,Julia,4675,Aaron,7462,Aaliyah,4664,Adrian,7405,Kylie,4600,Wyatt,7370,Lauren,4466,Kevin,7323,Sophie,4414,Hunter,7321,Sydney,4331,Cameron,7194,Camila,4303,Zachary,7179,Jasmine,4173,Thomas,7123,Morgan,4073,Charles,7098,Alexandra,4019,Austin,6902,Jocelyn,3987,Eli,6560,Maya,3967,Chase,6441,Gianna,3959,Henry,6398,Mackenzie,3880,Sebastian,6358,Kimberly,3869,Jason,6273,Katherine,3866,Levi,6010,Destiny,3731,Xavier,5753,Brooke,3703,Ian,5557,Trinity,3699,Colton,5316,Faith,3697,Dominic,5297,Lucy,3634,Cooper,5256,Madelyn,3618,Juan,5240,Madeline,3603,Josiah,5205,Bailey,3595,Ayden,5136,Payton,3586,Luis,5127,Andrea,3567,Adam,5103,Autumn,3519,Nathaniel,5102,Melanie,3485,Carson,5097,Serenity,3480,Brody,5050,Ariana,3471,Tristan,4892,Stella,3440,Parker,4731,Maria,3416,Diego,4716,Molly,3362,Blake,4700,Caroline,3358,Oliver,4663,Genesis,3303,Carlos,4586,Kaitlyn,3297,Cole,4586,Eva,3277,Jaden,4517,Jessica,3198,Jesus,4452,Angelina,3143,Alex,4433,Gabrielle,3141,Aidan,4306,Naomi,3131,Eric,4196,Valeria,3115,Hayden,4189,Mariah,3108,Bryan,3933,Natalia,3045,Max,3848,Rachel,3017,Jaxon,3840,Paige,3011,Bentley,3771,Mya,2997
2011,Jacob,20371,Isabella,19910,Mason,19510,Emma,18803,William,17343,Olivia,17322,Jayden,16992,Ava,15503,Noah,16862,Emily,14258,Michael,16795,Abigail,13248,Ethan,16684,Madison,12389,Alexander,15702,Mia,11530,Aiden,15496,Chloe,10991,Daniel,15291,Elizabeth,10091,Anthony,14267,Ella,9590,Matthew,14166,Addison,9302,Elijah,13967,Natalie,8638,Joshua,13773,Lily,8180,Liam,13437,Grace,7633,Andrew,13277,Samantha,7395,James,13251,Avery,7341,David,13228,Sofia,7328,Benjamin,13063,Aubrey,7177,Christopher,13000,Brooklyn,7167,Logan,12990,Lillian,6921,Joseph,12967,Victoria,6887,Jackson,12398,Evelyn,6707,Gabriel,12341,Hannah,6571,Ryan,11494,Alexis,6524,Samuel,11349,Charlotte,6427,John,11049,Zoey,6401,Nathan,10505,Leah,6392,Lucas,10399,Amelia,6369,Christian,10314,Zoe,6305,Jonathan,10233,Hailey,6274,Caleb,10029,Nevaeh,6106,Dylan,9780,Gabriella,6097,Landon,9755,Layla,6080,Isaac,9599,Kaylee,6044,Brayden,9011,Alyssa,6018,Gavin,9011,Anna,5663,Tyler,8838,Sarah,5556,Luke,8701,Allison,5466,Evan,8652,Savannah,5450,Carter,8598,Ashley,5398,Nicholas,8591,Audrey,5210,Isaiah,8533,Taylor,5189,Owen,8332,Brianna,5181,Jack,8180,Aaliyah,5120,Jordan,8070,Riley,5033,Brandon,7813,Camila,4968,Wyatt,7681,Khloe,4956,Julian,7619,Claire,4896,Aaron,7614,Sophie,4728,Jeremiah,7607,Arianna,4688,Angel,7530,Peyton,4675,Cameron,7518,Harper,4674,Connor,7406,Alexa,4506,Hunter,7369,Makayla,4452,Adrian,7338,Julia,4348,Henry,7230,Kylie,4346,Eli,7209,Kayla,4327,Justin,7115,Bella,4266,Austin,7028,Katherine,4186,Charles,6979,Lauren,4098,Robert,6972,Gianna,4066,Thomas,6914,Maya,4018,Zachary,6804,Sydney,3973,Jose,6761,Serenity,3859,Levi,6648,Kimberly,3809,Kevin,6562,Mackenzie,3795,Sebastian,6545,Autumn,3762,Chase,6189,Jocelyn,3729,Ayden,6124,Faith,3727,Jason,5843,Lucy,3701,Ian,5617,Jasmine,3698,Blake,5609,Stella,3694,Colton,5594,Morgan,3671,Bentley,5575,Alexandra,3628,Xavier,5441,Trinity,3622,Dominic,5431,Molly,3615,Oliver,5410,Madelyn,3602,Parker,5289,Scarlett,3558,Josiah,5261,Genesis,3511,Adam,5204,Andrea,3510,Cooper,5176,Eva,3466,Brody,5074,Ariana,3452,Nathaniel,4975,Madeline,3428,Carson,4923,Brooke,3369,Jaxon,4730,Caroline,3369,Tristan,4725,Bailey,3312,Luis,4690,Melanie,3286,Juan,4677,Destiny,3264,Hayden,4594,Kennedy,3244,Carlos,4177,Maria,3217,Nolan,4167,Naomi,3190,Jesus,4166,London,3164,Cole,4137,Payton,3148,Alex,4035,Lydia,3084,Max,3953,Ellie,3062,Grayson,3938,Mariah,2988,Bryson,3937,Aubree,2938,Diego,3822,Kaitlyn,2906,Jaden,3806,Violet,2900
2012,Jacob,19074,Emma,20945,Mason,18969,Isabella,19099,Ethan,17672,Olivia,17316,Noah,17353,Ava,15533,William,16885,Emily,13649,Liam,16804,Abigail,12700,Michael,16169,Mia,12023,Jayden,16127,Madison,11397,Alexander,15237,Elizabeth,9708,Aiden,14903,Chloe,9661,Daniel,14279,Ella,9203,Matthew,13971,Avery,8314,Elijah,13874,Addison,8178,James,13426,Aubrey,8052,Anthony,13203,Lily,7960,Benjamin,12822,Natalie,7894,Joshua,12656,Sofia,7831,Andrew,12621,Charlotte,7479,Joseph,12565,Zoey,7471,David,12541,Grace,7377,Jackson,12483,Hannah,7275,Logan,12473,Amelia,7242,Christopher,11898,Harper,7192,Gabriel,11552,Lillian,7161,Samuel,11454,Samantha,6929,Ryan,10937,Evelyn,6876,Lucas,10707,Victoria,6861,John,10621,Brooklyn,6790,Nathan,10420,Zoe,6457,Isaac,10052,Layla,6265,Dylan,9987,Hailey,5910,Caleb,9966,Leah,5773,Christian,9621,Kaylee,5621,Jonathan,9356,Anna,5618,Landon,9347,Aaliyah,5508,Carter,9262,Gabriella,5500,Luke,9010,Allison,5426,Owen,8690,Nevaeh,5392,Brayden,8502,Alexis,5358,Gavin,8255,Audrey,5297,Wyatt,8223,Savannah,5191,Isaiah,8159,Sarah,5190,Henry,8069,Alyssa,5086,Eli,8062,Claire,4944,Hunter,8037,Taylor,4864,Jack,7937,Riley,4830,Evan,7899,Camila,4789,Jordan,7808,Arianna,4723,Nicholas,7735,Ashley,4699,Tyler,7697,Brianna,4636,Aaron,7534,Sophie,4577,Jeremiah,7481,Peyton,4472,Julian,7378,Bella,4351,Cameron,7363,Khloe,4312,Levi,7230,Genesis,4300,Brandon,7028,Alexa,4294,Angel,7019,Serenity,4233,Austin,7003,Kylie,4171,Connor,6975,Aubree,4049,Robert,6951,Scarlett,4043,Adrian,6943,Stella,3999,Charles,6937,Maya,3977,Thomas,6842,Katherine,3951,Sebastian,6734,Julia,3878,Colton,6358,Lucy,3810,Jaxon,6307,Madelyn,3793,Zachary,6258,Autumn,3777,Kevin,6224,Kayla,3770,Ayden,6222,Makayla,3770,Dominic,6182,Mackenzie,3758,Jose,6035,Lauren,3658,Blake,6033,Gianna,3625,Oliver,5918,Ariana,3585,Justin,5893,Faith,3546,Bentley,5879,Alexandra,3482,Jason,5747,Melanie,3465,Ian,5692,Sydney,3453,Chase,5690,Naomi,3421,Josiah,5521,Caroline,3415,Xavier,5365,Bailey,3408,Parker,5360,Morgan,3399,Adam,5316,Kennedy,3384,Cooper,5191,Ellie,3383,Nathaniel,4783,Jasmine,3382,Jace,4719,Eva,3365,Grayson,4711,Skylar,3344,Carson,4593,Kimberly,3313,Tristan,4432,Violet,3277,Nolan,4424,Molly,3259,Luis,4368,Trinity,3238,Brody,4361,Aria,3230,Juan,4283,Jocelyn,3230,Hudson,4218,London,3199,Bryson,4036,Lydia,3168,Carlos,4008,Madeline,3160,Easton,3939,Reagan,3087,Kayden,3872,Piper,3067,Alex,3861,Annabelle,3056,Damian,3855,Andrea,3050,Ryder,3811,Maria,3031
2013,Noah,18257,Emma,20942,Jacob,18158,Olivia,18428,Liam,18137,Isabella,17642,Mason,17699,Ava,15252,William,16641,Mia,13152,Ethan,16241,Emily,13126,Michael,15497,Abigail,12409,Alexander,14905,Madison,10596,Jayden,14766,Elizabeth,9454,Daniel,14298,Charlotte,9300,Elijah,13795,Avery,9176,Aiden,13625,Sofia,9160,James,13567,Chloe,8788,Benjamin,13498,Ella,8448,Matthew,13338,Harper,8280,Jackson,12591,Amelia,8036,David,12357,Aubrey,7969,Logan,12351,Addison,7728,Anthony,12266,Evelyn,7662,Joseph,12248,Natalie,7478,Joshua,11829,Grace,7378,Andrew,11658,Hannah,7298,Lucas,11548,Zoey,7242,Gabriel,11232,Victoria,7204,Samuel,11117,Lillian,7072,Christopher,10859,Lily,6989,John,10713,Brooklyn,6896,Isaac,10119,Samantha,6505,Dylan,10115,Layla,6479,Ryan,9876,Zoe,5971,Nathan,9711,Leah,5605,Caleb,9598,Audrey,5600,Luke,9573,Allison,5438,Carter,9571,Anna,5380,Christian,9332,Savannah,5245,Hunter,8960,Aaliyah,5233,Henry,8875,Gabriella,5212,Owen,8756,Camila,5144,Landon,8738,Kaylee,5122,Jack,8574,Aria,5112,Wyatt,8558,Scarlett,5050,Jonathan,8552,Hailey,5020,Eli,7938,Arianna,4996,Isaiah,7880,Riley,4935,Jaxon,7551,Alexis,4777,Sebastian,7548,Nevaeh,4760,Julian,7510,Sarah,4701,Brayden,7441,Claire,4656,Levi,7422,Sadie,4652,Gavin,7418,Peyton,4567,Aaron,7306,Serenity,4454,Oliver,7267,Aubree,4443,Jordan,7199,Ariana,4414,Nicholas,7137,Genesis,4299,Evan,7114,Penelope,4289,Connor,7105,Alyssa,4201,Charles,7015,Bella,4173,Jeremiah,6962,Taylor,4138,Cameron,6858,Alexa,4100,Adrian,6845,Kylie,4027,Thomas,6788,Mackenzie,4015,Robert,6712,Caroline,3980,Tyler,6645,Kennedy,3955,Austin,6485,Autumn,3953,Colton,6482,Lucy,3946,Jace,6387,Madelyn,3938,Angel,6363,Ashley,3937,Dominic,6319,Violet,3931,Josiah,6302,Stella,3909,Brandon,6224,Brianna,3905,Ayden,6072,Maya,3820,Kevin,5935,Skylar,3788,Zachary,5759,Ellie,3762,Parker,5664,Julia,3749,Blake,5643,Sophie,3749,Jose,5621,Katherine,3719,Grayson,5553,Mila,3677,Chase,5536,Khloe,3673,Jason,5502,Paisley,3601,Ian,5425,Annabelle,3557,Bentley,5378,Nora,3508,Adam,5241,Alexandra,3506,Xavier,4984,Melanie,3470,Cooper,4893,London,3456,Justin,4868,Naomi,3445,Nolan,4741,Gianna,3441,Hudson,4667,Eva,3430,Easton,4643,Faith,3412,Jase,4552,Madeline,3370,Carson,4529,Nicole,3350,Nathaniel,4527,Lauren,3345,Jaxson,4456,Ruby,3313,Kayden,4424,Makayla,3288,Brody,4327,Kayla,3256,Lincoln,4033,Lydia,3256,Tristan,4010,Piper,3189,Luis,4002,Sydney,3172,Damian,3965,Jocelyn,3150,Camden,3895,Morgan,3115,Juan,3885,Kimberly,3102
2014,Noah,19305,Olivia,19807,Liam,18462,Sophia,18609,Mason,17201,Isabella,17089,Jacob,16883,Ava,15696,William,16820,Mia,13512,Ethan,15724,Emily,12647,Michael,15454,Abigail,12085,Alexander,15414,Madison,10320,James,14431,Charlotte,10115,Daniel,13937,Harper,9608,Elijah,13832,Sofia,9597,Benjamin,13801,Avery,9568,Logan,13648,Elizabeth,9564,Aiden,13402,Amelia,8795,Jayden,12966,Evelyn,8747,Matthew,12912,Ella,8553,Jackson,12219,Chloe,8538,David,12214,Victoria,7996,Lucas,12158,Grace,7641,Joseph,12118,Aubrey,7623,Anthony,11580,Zoey,7411,Andrew,11159,Natalie,7105,Samuel,10995,Addison,6988,Gabriel,10918,Lillian,6913,Joshua,10901,Brooklyn,6816,John,10691,Lily,6773,Carter,10677,Hannah,6585,Luke,10506,Layla,6453,Dylan,10410,Scarlett,6005,Christopher,10352,Aria,5923,Isaac,9977,Zoe,5877,Oliver,9439,Samantha,5726,Henry,9432,Anna,5689,Sebastian,9306,Leah,5604,Caleb,9225,Audrey,5563,Owen,9150,Ariana,5495,Ryan,9085,Savannah,5473,Nathan,8976,Allison,5472,Wyatt,8874,Arianna,5267,Hunter,8812,Camila,5218,Jack,8747,Gabriella,5098,Christian,8455,Penelope,5084,Landon,8226,Claire,5014,Jonathan,8106,Aaliyah,4883,Levi,8050,Sadie,4860,Jaxon,7701,Riley,4794,Julian,7671,Skylar,4770,Isaiah,7620,Nora,4738,Eli,7488,Sarah,4703,Aaron,7392,Hailey,4615,Charles,7345,Kaylee,4539,Connor,7223,Paisley,4494,Cameron,7056,Kennedy,4489,Thomas,7028,Ellie,4480,Jeremiah,6874,Peyton,4447,Jordan,6869,Annabelle,4355,Nicholas,6765,Caroline,4344,Evan,6717,Serenity,4330,Adrian,6690,Madelyn,4309,Robert,6640,Lucy,4295,Gavin,6618,Aubree,4271,Brayden,6580,Alexa,4246,Grayson,6571,Nevaeh,4239,Josiah,6458,Alexis,4234,Colton,6389,Stella,4198,Austin,6304,Violet,4184,Angel,6303,Genesis,4163,Jace,6289,Mackenzie,4150,Dominic,6252,Bella,4087,Kevin,5896,Autumn,4066,Brandon,5840,Mila,4056,Tyler,5830,Kylie,3957,Parker,5712,Maya,3949,Ayden,5619,Piper,3866,Jason,5555,Alyssa,3829,Jose,5480,Taylor,3809,Ian,5455,Eleanor,3736,Chase,5355,Faith,3719,Adam,5328,Naomi,3708,Hudson,5238,Melanie,3696,Nolan,5204,Eva,3682,Zachary,5181,Katherine,3678,Easton,4983,Lydia,3640,Blake,4943,Brianna,3608,Jaxson,4931,Julia,3599,Cooper,4842,Ashley,3556,Lincoln,4820,Khloe,3544,Xavier,4771,Madeline,3442,Bentley,4768,Ruby,3423,Kayden,4726,Sophie,3388,Carson,4618,Alexandra,3311,Brody,4323,London,3286,Asher,4321,Lauren,3090,Nathaniel,4304,Gianna,3078,Ryder,4102,Isabelle,3075,Justin,4029,Vivian,3062,Leo,3966,Alice,3052,Tristan,3911,Jasmine,3024,Juan,3899,Hadley,3013,Luis,3899,Kayla,3007
2015,Noah,19635,Olivia,19691,Liam,18374,Sophia,17417,Mason,16627,Ava,16378,Jacob,15949,Isabella,15617,William,15909,Mia,14905,Ethan,15077,Abigail,12401,James,14824,Emily,11786,Alexander,14547,Charlotte,11398,Michael,14431,Harper,10295,Benjamin,13700,Madison,10088,Elijah,13651,Amelia,9861,Daniel,13506,Elizabeth,9730,Aiden,13461,Sofia,9690,Logan,12919,Evelyn,9363,Matthew,12749,Avery,9342,Lucas,12305,Chloe,7930,Jackson,12269,Ella,7902,David,11792,Grace,7656,Oliver,11655,Victoria,7609,Jayden,11541,Aubrey,7386,Joseph,11487,Scarlett,7131,Gabriel,10870,Zoey,6944,Samuel,10865,Addison,6721,Carter,10780,Lily,6661,Anthony,10634,Lillian,6612,John,10386,Natalie,6500,Dylan,10277,Hannah,6414,Luke,10276,Aria,6405,Henry,10172,Layla,6330,Andrew,10110,Brooklyn,6311,Isaac,9964,Alexa,6052,Christopher,9815,Zoe,6041,Joshua,9801,Penelope,5949,Wyatt,9645,Riley,5730,Sebastian,9620,Leah,5618,Owen,9596,Audrey,5603,Caleb,8801,Savannah,5456,Nathan,8588,Allison,5346,Ryan,8526,Samantha,5340,Jack,8499,Nora,5323,Hunter,8330,Skylar,5281,Levi,8306,Camila,5274,Christian,8196,Anna,5130,Jaxon,8067,Paisley,5078,Julian,8046,Ariana,4958,Landon,7929,Aaliyah,4863,Grayson,7908,Ellie,4862,Jonathan,7626,Claire,4829,Isaiah,7613,Violet,4813,Charles,7187,Stella,4792,Thomas,7187,Sadie,4752,Aaron,7159,Mila,4730,Eli,7139,Gabriella,4622,Jeremiah,6783,Lucy,4547,Connor,6758,Arianna,4530,Cameron,6745,Sarah,4521,Josiah,6661,Kennedy,4519,Adrian,6526,Madelyn,4481,Jordan,6303,Eleanor,4434,Colton,6300,Kaylee,4363,Brayden,6261,Caroline,4329,Nicholas,6241,Hazel,4297,Robert,6119,Hailey,4247,Angel,6100,Genesis,4160,Hudson,6041,Kylie,4153,Lincoln,5996,Piper,4130,Evan,5906,Maya,4125,Dominic,5855,Autumn,4114,Austin,5805,Nevaeh,4002,Gavin,5784,Serenity,3985,Nolan,5736,Peyton,3902,Parker,5408,Mackenzie,3858,Adam,5391,Bella,3794,Chase,5367,Eva,3761,Jace,5344,Naomi,3761,Ian,5321,Taylor,3746,Cooper,5264,Aurora,3642,Easton,5222,Aubree,3630,Kevin,5173,Lydia,3498,Jose,5164,Melanie,3493,Tyler,5160,Brianna,3469,Asher,5121,Ruby,3462,Brandon,5111,Katherine,3445,Jaxson,5056,Ashley,3424,Mateo,5020,Alexis,3418,Jason,5008,Alice,3418,Ayden,4883,Cora,3401,Zachary,4848,Julia,3373,Carson,4745,Madeline,3335,Xavier,4643,Faith,3325,Leo,4594,Annabelle,3273,Ezra,4330,Alyssa,3252,Bentley,4316,Isabelle,3217,Sawyer,4268,Vivian,3201,Kayden,4242,Gianna,3177,Blake,4227,Quinn,3090,Nathaniel,4216,Clara,3064,Ryder,4152,Reagan,3055,Theodore,4149,Alexandra,3001,Elias,4096,Khloe,3001
2016,Noah,19117,Olivia,19365,Liam,18218,Ava,16302,William,15761,Sophia,16128,Mason,15244,Isabella,14795,James,14862,Mia,14428,Benjamin,14641,Charlotte,13090,Jacob,14510,Abigail,11760,Michael,14088,Emily,10972,Elijah,13902,Harper,10787,Ethan,13819,Amelia,10774,Alexander,13408,Evelyn,10106,Oliver,13037,Elizabeth,9555,Daniel,12944,Sofia,9167,Lucas,12881,Madison,9030,Matthew,12621,Avery,8765,Aiden,12228,Ella,7908,Jackson,11284,Scarlett,7703,Logan,11244,Grace,7594,David,11110,Chloe,7461,Joseph,10918,Victoria,7310,Samuel,10576,Riley,7141,Henry,10374,Aria,6933,Owen,10294,Lily,6592,Sebastian,10286,Aubrey,6533,Gabriel,10229,Zoey,6444,Carter,10185,Penelope,6389,Jayden,10121,Lillian,6358,John,10013,Addison,6322,Luke,9984,Layla,6264,Anthony,9865,Natalie,6178,Isaac,9742,Camila,6048,Dylan,9694,Hannah,6013,Wyatt,9561,Brooklyn,5955,Andrew,9390,Zoe,5743,Joshua,9204,Nora,5589,Christopher,9066,Leah,5415,Grayson,8673,Savannah,5364,Jack,8413,Audrey,5360,Julian,8374,Claire,5209,Ryan,8240,Eleanor,5134,Jaxon,8114,Skylar,5119,Levi,8078,Ellie,5065,Nathan,7981,Samantha,4952,Caleb,7958,Stella,4930,Hunter,7651,Violet,4866,Christian,7633,Paisley,4865,Isaiah,7519,Mila,4821,Thomas,7348,Anna,4784,Aaron,7157,Allison,4775,Lincoln,7115,Alexa,4770,Charles,7107,Hazel,4667,Eli,7100,Aaliyah,4641,Landon,7029,Lucy,4597,Connor,7025,Ariana,4595,Josiah,6983,Caroline,4429,Jonathan,6957,Sarah,4412,Cameron,6841,Genesis,4342,Jeremiah,6583,Kennedy,4328,Mateo,6549,Sadie,4286,Adrian,6330,Gabriella,4244,Hudson,6120,Madelyn,4231,Robert,5989,Adeline,4115,Nicholas,5747,Maya,4082,Brayden,5719,Autumn,4027,Easton,5636,Aurora,3990,Jordan,5632,Piper,3949,Nolan,5626,Hailey,3938,Colton,5606,Arianna,3888,Evan,5605,Ruby,3832,Angel,5544,Serenity,3831,Asher,5502,Kaylee,3830,Dominic,5419,Eva,3799,Austin,5353,Naomi,3795,Leo,5287,Nevaeh,3787,Adam,5200,Alice,3682,Jace,5193,Luna,3671,Jose,5113,Bella,3660,Ian,5070,Quinn,3646,Cooper,4970,Lydia,3613,Gavin,4931,Peyton,3502,Carson,4918,Melanie,3482,Theodore,4899,Kylie,3410,Jaxson,4898,Aubree,3409,Ezra,4865,Mackenzie,3403,Jason,4862,Cora,3371,Chase,4851,Kinsley,3368,Parker,4715,Julia,3331,Xavier,4599,Madeline,3277,Zachary,4561,Taylor,3276,Kevin,4545,Katherine,3271,Tyler,4498,Gianna,3218,Ayden,4494,Eliana,3199,Elias,4478,Elena,3182,Bryson,4353,Vivian,3140,Leonardo,4321,Willow,3108,Greyson,4315,Reagan,3093,Sawyer,4237,Brianna,3088,Roman,4210,Clara,3072,Brandon,4090,Faith,3066,Bentley,4044,Ashley,3038
2017,Liam,18798,Olivia,18703,Noah,18410,Ava,15958,William,14967,Isabella,15180,James,14291,Sophia,14883,Logan,14014,Mia,13470,Benjamin,13797,Charlotte,12937,Mason,13549,Amelia,11833,Elijah,13344,Evelyn,10712,Oliver,13193,Abigail,10607,Jacob,13178,Harper,10487,Lucas,12996,Emily,9781,Michael,12639,Elizabeth,8955,Alexander,12519,Avery,8205,Ethan,12439,Sofia,8160,Daniel,11691,Ella,8046,Matthew,11671,Madison,7875,Aiden,11303,Scarlett,7702,Henry,10461,Victoria,7292,Joseph,10437,Aria,7149,Jackson,10399,Grace,7040,Samuel,10395,Chloe,6944,David,10187,Camila,6766,Sebastian,10172,Penelope,6652,Carter,9787,Riley,6353,Wyatt,9688,Layla,6303,Jayden,9534,Lillian,6160,John,9486,Nora,6055,Owen,9338,Zoey,6045,Dylan,9295,Mila,5964,Luke,9195,Aubrey,5911,Gabriel,9131,Hannah,5907,Isaac,8851,Lily,5837,Anthony,8833,Addison,5616,Grayson,8679,Eleanor,5537,Jack,8454,Natalie,5534,Julian,8422,Luna,5344,Levi,8418,Savannah,5238,Christopher,8285,Brooklyn,5186,Joshua,8284,Leah,5175,Andrew,8251,Zoe,5158,Lincoln,8179,Stella,5055,Mateo,7757,Hazel,5023,Ryan,7674,Ellie,5005,Jaxon,7673,Paisley,4940,Nathan,7418,Audrey,4825,Isaiah,7212,Violet,4719,Aaron,7196,Skylar,4718,Charles,7162,Claire,4693,Thomas,7162,Bella,4638,Caleb,7125,Aurora,4591,Josiah,7016,Lucy,4587,Christian,6996,Anna,4544,Hunter,6722,Samantha,4318,Eli,6601,Caroline,4283,Jonathan,6503,Genesis,4254,Connor,6404,Aaliyah,4174,Landon,6343,Kennedy,4152,Adrian,6219,Kinsley,4044,Asher,6030,Maya,4028,Cameron,5954,Allison,4027,Leo,5950,Sarah,4009,Theodore,5950,Madelyn,3953,Jeremiah,5840,Adeline,3920,Hudson,5781,Alexa,3891,Robert,5528,Gabriella,3879,Easton,5502,Ariana,3876,Nolan,5389,Elena,3873,Nicholas,5348,Naomi,3841,Ezra,5320,Alice,3816,Colton,5278,Sadie,3710,Angel,5257,Hailey,3699,Brayden,5155,Eva,3629,Jordan,5132,Autumn,3594,Dominic,5094,Emilia,3589,Austin,5039,Quinn,3589,Ian,5018,Nevaeh,3584,Adam,4919,Ruby,3566,Elias,4912,Serenity,3559,Jaxson,4838,Piper,3555,Greyson,4835,Willow,3551,Jose,4793,Everly,3516,Ezekiel,4742,Cora,3441,Carson,4740,Kaylee,3403,Evan,4721,Lydia,3327,Maverick,4720,Aubree,3316,Bryson,4652,Arianna,3276,Jace,4631,Eliana,3269,Cooper,4604,Peyton,3250,Xavier,4489,Melanie,3232,Parker,4364,Gianna,3189,Roman,4265,Isabelle,3157,Jason,4241,Julia,3116,Santiago,4197,Valentina,3037,Chase,4168,Nova,3036,Sawyer,4162,Clara,3035,Gavin,4147,Vivian,3023,Leonardo,4125,Reagan,3001,Kayden,3984,Madeline,2952,Ayden,3945,Mackenzie,2950,Jameson,3922,Brielle,2891
